[
    {
        "id": "_meta",
        "name": "Trouble In Waterloo",
        "author": "kervina",
        "logo": "https:\/\/www.bloodstar.xyz\/p\/kervina\/uWaterloo\/_meta.png",
        "almanac": "https:\/\/www.bloodstar.xyz\/p\/kervina\/uWaterloo\/almanac.html"
    },
    {
        "id": "astrophysicist_uwaterloo",
        "image": "https:\/\/www.bloodstar.xyz\/p\/kervina\/uWaterloo\/astrophysicist_uwaterloo.png",
        "firstNightReminder": "The astrophysicist chooses a character. Show a finger symbol equal to the distance the chosen character's player is away from the \"sun\"",
        "otherNightReminder": "The astrophysicist chooses a character. Show a finger symbol equal to the distance the chosen character's player is away from the \"sun\"",
        "reminders": [
            "Sun"
        ],
        "name": "Astrophysicist",
        "team": "townsfolk",
        "ability": "A random player is the \"sun\". Each night, choose a character (not astrophysicist), you learn the closest distance they are from the \"sun\". If the character is not in play, the distance is arbitrary",
        "flavor": "Look up, you'll only see this comet once in your lifetime, make a wish!",
        "firstNight": 22,
        "otherNight": 15
    },
    {
        "id": "hacker_uwaterloo",
        "image": "https:\/\/www.bloodstar.xyz\/p\/kervina\/uWaterloo\/hacker_uwaterloo.png",
        "firstNightReminder": "The hacker points to a player. Give the head signal (nod yes, shake no) if they are evil or if their player or character was selected by an evil player tonight.",
        "otherNightReminder": "The hacker points to a player. Give the head signal (nod yes, shake no) if they are evil or if their player or character was selected by an evil player tonight.",
        "reminders": [
            "Evil Selected"
        ],
        "name": "Hacker",
        "team": "townsfolk",
        "ability": "Each night, choose a player. You learn a yes if they are evil or if their player or character was selected by an evil player tonight.",
        "flavor": "You messed with the wrong people",
        "firstNight": 23,
        "otherNight": 16
    },
    {
        "id": "musician_uwaterloo",
        "image": "https:\/\/www.bloodstar.xyz\/p\/kervina\/uWaterloo\/musician_uwaterloo.png",
        "firstNightReminder": "Wake up the musician and tell them a player name which is a different type than yesterday",
        "otherNightReminder": "Wake up the musician and tell them a player name which is a different type than yesterday",
        "reminders": [
            "Musician Target"
        ],
        "setup": true,
        "name": "Musician",
        "team": "townsfolk",
        "ability": "Each night, learn a player of a different character type than yesterday [+0\/1 outsiders]",
        "flavor": "Concert tonight! Free food and drinks, don't miss out!",
        "firstNight": 24,
        "otherNight": 17
    },
    {
        "id": "eavesdropper_uwaterloo",
        "image": "https:\/\/www.bloodstar.xyz\/p\/kervina\/uWaterloo\/eavesdropper_uwaterloo.png",
        "firstNightReminder": "Wake up the eavesdropper for them to choose a character. Wake up the eavesdropper again once the chosen character has acted to give them information",
        "otherNightReminder": "Wake up the eavesdropper for them to choose a character. Wake up the eavesdropper again once the chosen character has acted to give them information",
        "reminders": [
            "Eavesdropping on"
        ],
        "name": "Eavesdropper",
        "team": "townsfolk",
        "ability": "Each night, choose a townsfolk character. You learn what they learned last night. If not in play, information is arbitrary.",
        "flavor": "I heard they were gossiping about you, they were calling you a liar! How could they?",
        "firstNight": 25,
        "otherNight": 21
    },
    {
        "id": "theorycrafter_uwaterloo",
        "image": "https:\/\/www.bloodstar.xyz\/p\/kervina\/uWaterloo\/theorycrafter_uwaterloo.png",
        "name": "Theorycrafter",
        "team": "townsfolk",
        "ability": "Each day, privately ask the ST a question. You learn how relevant the ST believes that question is to this game.",
        "flavor": "So in this game state, it has to be an alchemist-marionette-lunatic who saw they were snake charmed?"
    },
    {
        "id": "psychologist1_uwaterloo",
        "image": "https:\/\/www.bloodstar.xyz\/p\/kervina\/uWaterloo\/psychologist1_uwaterloo.png",
        "firstNightReminder": "Up to three players are woken up and are shown that they were picked by the psychologist.",
        "otherNightReminder": "The psychologist first learns a number representing the amount of correct pairs yesterday. Then up to three players are woken up and are shown that they were picked by the psychologist.",
        "reminders": [
            "Psychologist chosen"
        ],
        "name": "Psychologist",
        "team": "townsfolk",
        "ability": "Each night, up to three alive players are chosen (by the ST). Tomorrow, those players may publicly claim a player\/character pair. Each night*, you learn how many claimed pairs were correct.",
        "flavor": "Come in and join my research study! It measures how likely one is to lie",
        "firstNight": 21,
        "otherNight": 14
    },
    {
        "id": "proctor_uwaterloo",
        "image": "https:\/\/www.bloodstar.xyz\/p\/kervina\/uWaterloo\/proctor_uwaterloo.png",
        "firstNightReminder": "Wake up the closest evil player to the proctor and tell them they have the cheat sheet",
        "otherNightReminder": "Wake up the player with the cheat sheet and ask if they want to pass or hold. if they pass, wake up the person they passed to and tell them they have the cheat sheet. Then wake up the proctor to give them information.",
        "reminders": [
            "Has cheat sheet"
        ],
        "name": "Proctor",
        "team": "townsfolk",
        "ability": "On your first night, the closest non-you evil player receives a \"cheat sheet\". Each night*, you either learn the distance the cheat sheet was passed OR the player holding the sheet",
        "flavor": "I can smell the cheating from all the way down here",
        "firstNight": 20,
        "otherNight": 13
    },
    {
        "id": "competitor_uwaterloo",
        "image": "https:\/\/www.bloodstar.xyz\/p\/kervina\/uWaterloo\/competitor_uwaterloo.png",
        "otherNightReminder": "If both of the competitor's neighbors are dead, they wake up to learn an outsider player or player of differing alignment.",
        "reminders": [
            "Cannot Die"
        ],
        "name": "Competitor",
        "team": "townsfolk",
        "ability": "Each night*, if both of your neighbors are dead, you wake up to learn an outsider or player of different alignment. If your neighbor was executed and dies, you cannot die tonight",
        "flavor": "I will win no matter the cost, you're just in my way",
        "otherNight": 19
    },
    {
        "id": "campussecurity_uwaterloo",
        "image": "https:\/\/www.bloodstar.xyz\/p\/kervina\/uWaterloo\/campussecurity_uwaterloo.png",
        "otherNightReminder": "If there are more or equal alive evil players to alive good players, wake up campus security and show them the number of alive evils",
        "name": "Campus Security",
        "team": "townsfolk",
        "ability": "Each night*, if the number of alive evil players is greater than or equal to the number of alive good players, you wake up to learn the number of alive evils.",
        "flavor": "When the campus most needed help, we arrived",
        "otherNight": 18
    },
    {
        "id": "exchstudent_uwaterloo",
        "image": "https:\/\/www.bloodstar.xyz\/p\/kervina\/uWaterloo\/exchstudent_uwaterloo.png",
        "otherNightReminder": "The Exchange Student wakes up and picks a player. Potentially show the exchange student their new role, and wake the chosen player to show them their new role or information",
        "name": "Exch. Student",
        "team": "townsfolk",
        "ability": "Each night*, choose an alive player: If they are the same alignment, you swap characters with them. Otherwise, you may transform into a not in play role, they learn that character if you do.",
        "flavor": "Hello everyone, nice to meet you!",
        "otherNight": 11
    },
    {
        "id": "advisor_uwaterloo",
        "image": "https:\/\/www.bloodstar.xyz\/p\/kervina\/uWaterloo\/advisor_uwaterloo.png",
        "firstNightReminder": "The Advisor wakes up and points to a player. If the target was an outsider, wake that player and show them their new role if it has changed from what they were previously shown",
        "otherNightReminder": "The Advisor wakes up and points to a player. If the target was an outsider, wake that player and show them their new role if it has changed from what they were previously shown",
        "reminders": [
            "No Ability (Advisor)"
        ],
        "setup": true,
        "name": "Advisor",
        "team": "townsfolk",
        "ability": "Once per game, at night, choose a player: if they are an outsider, they transform into a not in play townsfolk [+0\/1 outsiders]",
        "flavor": "May the applications be ever in your favor (what advisor would say that?)",
        "firstNight": 19,
        "otherNight": 12
    },
    {
        "id": "gamer_uwaterloo",
        "image": "https:\/\/www.bloodstar.xyz\/p\/kervina\/uWaterloo\/gamer_uwaterloo.png",
        "reminders": [
            "No Ability (Gamer)"
        ],
        "name": "Gamer",
        "team": "townsfolk",
        "ability": "Once per game, you may publicly reveal yourself as the gamer and name a role for a player. If they are the opposite alignment, and you are correct, they die and you may repeat this ability again (up to 2 times)",
        "flavor": "It all builds up to this gamer moment"
    },
    {
        "id": "procrastinator_uwaterloo",
        "image": "https:\/\/www.bloodstar.xyz\/p\/kervina\/uWaterloo\/procrastinator_uwaterloo.png",
        "otherNightReminder": "The procrastinator is shown all characters who have died before the procrastinator, one of which is incorrect,. Then show a finger symbol representing the number of evils amongst them.",
        "name": "Procrastinator",
        "team": "townsfolk",
        "ability": "When you die, at night, you learn all the roles of players who have died before you, one of which is incorrect. You also learn how many were evil.",
        "flavor": "I estimate this project will probably take 2 days? I'll be fine to start tomorrow :)",
        "otherNight": 20
    },
    {
        "id": "prodigy_uwaterloo",
        "image": "https:\/\/www.bloodstar.xyz\/p\/kervina\/uWaterloo\/prodigy_uwaterloo.png",
        "reminders": [
            "Is the Prodigy"
        ],
        "setup": true,
        "name": "Prodigy",
        "team": "townsfolk",
        "ability": "You think you are and have the ability of an out of play townsfolk. On any night, you may permanently transform into a different out of play townsfolk.",
        "flavor": "I have 3 majors in math, computer science and biochemistry. Oh I also entered into university when I was 14."
    },
    {
        "id": "drunk_uwaterloo",
        "image": "https:\/\/www.bloodstar.xyz\/p\/kervina\/uWaterloo\/drunk_uwaterloo.png",
        "remindersGlobal": [
            "Drunk"
        ],
        "setup": true,
        "name": "Drunk",
        "team": "outsider",
        "ability": "You do not know you are the Drunk. You think you are a Townsfolk character, but you are not.",
        "flavor": "\"I\u2019m only a *hic* social drinker, my dear. Admittedly, I am a heavy *burp* socializer.\""
    },
    {
        "id": "intern_uwaterloo",
        "image": "https:\/\/www.bloodstar.xyz\/p\/kervina\/uWaterloo\/intern_uwaterloo.png",
        "remindersGlobal": [
            "Intern"
        ],
        "setup": true,
        "name": "Intern",
        "team": "outsider",
        "ability": "You do not know you are the Intern. You think you are an in play townsfolk character but you are not",
        "flavor": "I know this is the 10th time today... but... How do you do this?"
    },
    {
        "id": "coward_uwaterloo",
        "image": "https:\/\/www.bloodstar.xyz\/p\/kervina\/uWaterloo\/coward_uwaterloo.png",
        "reminders": [
            "Good",
            "Evil"
        ],
        "name": "Coward",
        "team": "outsider",
        "ability": "If both of your neighbors are dead, you are and register as the opposite of your current alignment. You lock your alignment when you die.",
        "flavor": "You're LYING, ALL OF YOU ARE LYING"
    },
    {
        "id": "narcissist_uwaterloo",
        "image": "https:\/\/www.bloodstar.xyz\/p\/kervina\/uWaterloo\/narcissist_uwaterloo.png",
        "firstNightReminder": "Wake up the minions to have them learn of the narcissist. ",
        "otherNightReminder": "If the demon died today\/yesterday with 5 or more players remaining, show swapped characters to each player and swapped alignments if necessary ",
        "reminders": [
            "Swap Demon"
        ],
        "name": "Narcissist",
        "team": "outsider",
        "ability": "If the demon dies while 5 or more players are alive, swap characters and alignments with them. Minions know who you are.",
        "flavor": "This game WILL be centered around ME, because I'm the best, obviously",
        "firstNight": 11,
        "otherNight": 2
    },
    {
        "id": "distraction_uwaterloo",
        "image": "https:\/\/www.bloodstar.xyz\/p\/kervina\/uWaterloo\/distraction_uwaterloo.png",
        "firstNightReminder": "The distraction points to up to 3 players. If their alignment changed from good -> evil, wake those 3 players and show them the 'You are' card and the thumbs down evil sign.",
        "otherNightReminder": "If a distracted player dies, and their alignment was previously shown as evil, wake that player and show them the 'You are' card and the thumbs up good sign.",
        "reminders": [
            "Is Distracted"
        ],
        "name": "Distraction",
        "team": "minion",
        "ability": "On the first night, choose up to 3 players. They may be shown their alignment is evil but retain their original alignment. When those players die, they are shown their true alignment (even when you are dead)",
        "flavor": "I'm sorry, my exam is in 2 days, I have to st-- Did someone say text clocktower?",
        "firstNight": 13,
        "otherNight": 3
    },
    {
        "id": "peerpressurer_uwaterloo",
        "image": "https:\/\/www.bloodstar.xyz\/p\/kervina\/uWaterloo\/peerpressurer_uwaterloo.png",
        "firstNightReminder": "Wake up the Peer Pressurer and point to all outsiders",
        "otherNightReminder": "The peer pressurer points to a player, they are shown that player's character. Wake that player and show them their new role if it has changed from what they were previously shown.",
        "reminders": [
            "No ability (Peer Pressurer)"
        ],
        "setup": true,
        "name": "Peer Pressurer",
        "team": "minion",
        "ability": "You start knowing all outsiders. Once per game, at night*, you may choose an outsider's neighbor and transform them permanently into the drunk [+0\/1 outsider]",
        "flavor": "I'm playing, they're playing, everyone's playing! What do you mean you're not playing?",
        "firstNight": 16,
        "otherNight": 6
    },
    {
        "id": "instigator_uwaterloo",
        "image": "https:\/\/www.bloodstar.xyz\/p\/kervina\/uWaterloo\/instigator_uwaterloo.png",
        "firstNightReminder": "The Instigator points to up to 2 players. Wake those players up and show them they were picked by the Instigator.",
        "otherNightReminder": "The Instigator points to up to 2 players. Wake those players up and show them they were picked by the Instigator.",
        "reminders": [
            "Instigated",
            "Drunk"
        ],
        "name": "Instigator",
        "team": "minion",
        "ability": "Each night, choose up to 2 players. Tomorrow, they must correctly claim another alive player's role to the ST or may become poisoned that night. You learn correct claims at night",
        "flavor": "HE did that, SHE did this, THEY gave you a 1 on a peer review",
        "firstNight": 14,
        "otherNight": 4
    },
    {
        "id": "gaslighter_uwaterloo",
        "image": "https:\/\/www.bloodstar.xyz\/p\/kervina\/uWaterloo\/gaslighter_uwaterloo.png",
        "firstNightReminder": "The Gaslighter points towards a player and is shown a character token, they then choose a character. Show the character to the target player if a transformation would have occurred.",
        "otherNightReminder": "The Gaslighter points towards a player and is shown a character token, they then choose a character. Show the character to the target player if a transformation would have occurred.",
        "reminders": [
            "Gaslit"
        ],
        "name": "Gaslighter",
        "team": "minion",
        "ability": "Each night, choose a player, you learn their character. Then choose a character, the targeted player believes that they transformed into the selected character. ",
        "flavor": "No, you said that this was your favorite. How could you forget?",
        "firstNight": 15,
        "otherNight": 5
    },
    {
        "id": "mrgoose_uwaterloo",
        "image": "https:\/\/www.bloodstar.xyz\/p\/kervina\/uWaterloo\/mrgoose_uwaterloo.png",
        "otherNightReminder": "Mr. Goose wake up and points to a player who is marked \"Dead\". If all minions are dead, Mr. Goose may additionally point to one more player.",
        "reminders": [
            "Dead"
        ],
        "name": "Mr. Goose",
        "team": "demon",
        "ability": "Each night*, choose a player, they die. If all your minions are dead, you may choose two players instead.",
        "flavor": "You do NOT want to see him angry",
        "otherNight": 10
    },
    {
        "id": "finalexam_uwaterloo",
        "image": "https:\/\/www.bloodstar.xyz\/p\/kervina\/uWaterloo\/finalexam_uwaterloo.png",
        "firstNightReminder": "Wake each townsfolk\/outsider who is evil individually and show them the 'You are' card and the thumbs down evil sign.",
        "otherNightReminder": "The final exam picks a player, they are marked as \"Dead\". They may then either shake their head or point to every other player and pick a character for each one, all correct are marked as \"Dead\". ",
        "reminders": [
            "Dead",
            "No Ability",
            "Evil"
        ],
        "setup": true,
        "name": "Final Exam",
        "team": "demon",
        "ability": "Each night*, choose a player, they die. Once per game, at night*, you may additionally guess a character for each player, each player you guess correctly dies. [-minions, +evil town\/outsiders]",
        "flavor": "I should have studied harder for this...",
        "firstNight": 18,
        "otherNight": 9
    },
    {
        "id": "thecouncil_uwaterloo",
        "image": "https:\/\/www.bloodstar.xyz\/p\/kervina\/uWaterloo\/thecouncil_uwaterloo.png",
        "firstNightReminder": "Wake each townsfolk\/outsider who is evil individually and show them the 'You are' card and the thumbs down evil sign. Wake up the council to show them their evil team",
        "otherNightReminder": "The council points to a player, they are marked as \"Dead\".",
        "reminders": [
            "Dead",
            "Evil"
        ],
        "setup": true,
        "name": "The Council",
        "team": "demon",
        "ability": "Each night*, choose a player, they die. There are evil townsfolk and outsiders who the demon knows (check fabled) [+0\/1 outsider]",
        "flavor": "What decisions should we make this year? This, that, nah, just keep it the same",
        "firstNight": 17,
        "otherNight": 8
    },
    {
        "id": "waterloowarrior_uwaterloo",
        "image": "https:\/\/www.bloodstar.xyz\/p\/kervina\/uWaterloo\/waterloowarrior_uwaterloo.png",
        "firstNightReminder": "Wake each waterloo warrior up and show them the role they think they are",
        "otherNightReminder": "Wake up the minions and have them pick a target to kill",
        "reminders": [
            "Dead",
            "Is waterloo warrior",
            "Good"
        ],
        "setup": true,
        "name": "Waterloo Warrior",
        "team": "demon",
        "ability": "You think you are a good character, but you are not. The 1st Waterloo Warrior to die, becomes good. Each night*, Minions choose a player: they die. [+1 Waterloo Warrior]",
        "flavor": "The evil is in all of us, it could be any of us",
        "firstNight": 12,
        "otherNight": 7
    },
    {
        "id": "cheatsheet_uwaterloo",
        "image": "https:\/\/www.bloodstar.xyz\/p\/kervina\/uWaterloo\/cheatsheet_uwaterloo.png",
        "name": "Cheat Sheet",
        "team": "fabled",
        "ability": "The player holding the cheat sheet will be woken up at night and can either hold onto the sheet or pass on the sheet to another player. If the player holding the cheat sheet is dead, they automatically pass it to the nearest evil player."
    },
    {
        "id": "finalexamrules_uwaterloo",
        "image": "https:\/\/www.bloodstar.xyz\/p\/kervina\/uWaterloo\/finalexamrules_uwaterloo.png",
        "name": "Final Exam Rules",
        "team": "fabled",
        "ability": "All minions are removed in favor of townsfolk, there are a number of townsfolk\/outsiders evil equal to the number of minions"
    },
    {
        "id": "councilcounts_uwaterloo",
        "image": "https:\/\/www.bloodstar.xyz\/p\/kervina\/uWaterloo\/councilcounts_uwaterloo.png",
        "name": "Council Counts",
        "team": "fabled",
        "ability": "(7) - (normal) (8\/9\/10) - (1 evil townsfolk\/outsider) (11\/12\/13\/14\/15) - (1 evil townsfolk, 1 evil outsider, -1 minion)"
    }
]