[
    {
        "id": "_meta",
        "author": "sami234",
        "name": "Demon Hop Scotch",
        "logo": "https://i.ibb.co/L5RWd5Q/satan-shopscotch-480x.png"
    },
    {
        "id": "noble"
    },
    {
        "id": "investigator"
    },
    {
        "id": "chef"
    },
    {
        "id": "pixie"
    },
    {
        "id": "empath"
    },
    {
        "id": "high_priestess"
    },
    {
        "id": "snake_charmer"
    },
    {
        "id": "oracle"
    },
    {
        "id": "undertaker"
    },
    {
        "id": "lycanthrope"
    },
    {
        "id": "philosopher"
    },
    {
        "id": "soldier"
    },
    {
        "id": "farmer"
    },
    {
        "id": "virgin"
    },
    {
        "id": "puzzlemaster"
    },
    {
        "id": "plague_doctor"
    },
    {
        "id": "recluse"
    },
    {
        "id": "drunk"
    },
    {
        "id": "barber"
    },
    {
        "id": "lunatic"
    },
    {
        "id": "poisoner"
    },
    {
        "id": "baron"
    },
    {
        "id": "scarlet_woman"
    },
    {
        "id": "marionette"
    },
    {
        "id": "imp"
    },
    {
        "id": "fang_gu"
    }
]