[
    {
        "id": "_meta",
        "author": "sami234",
        "name": "Demon Hop Scotch Plus Plus",
        "logo": "https://i.ibb.co/L5RWd5Q/satan-shopscotch-480x.png"
    },

    "noble",
    "chef",
    "investigator",
    "pixie",
    "empath",
    "high_priestess",
    "snake_charmer",
    "oracle",
    "undertaker",
    "lycanthrope",
    "philosopher",
    "soldier",
    "farmer",
    "virgin",
    "puzzlemaster",
    "plague_doctor",
    "recluse",
    "drunk",
    "lunatic",
    "barber",
    "poisoner",
    "baron",
    "scarlet_woman",
    "marionette",
    "imp",
    "fang_gu",

    "djinn",
    {
        "id": "alcoholpoisoning",
        "team": "fabled",
        "edition": "homebrew",
        "name": "Alcohol Poisoning",
        "ability": "If a character with a 'you think' ability is drunk or poisoned, the Storyteller is free to break that condition, and in particular, show them arbitrary experiences that could apply to a real character of their type.",
        "image": "https://www.bloodstar.xyz/p/rsar/rsar_mixable/alcoholpoisoning_rsar_mixable.png"
    },
    {
        "id": "consolationprize",
        "team": "fabled",
        "edition": "homebrew",
        "name": "Consolation Prize",
        "ability": "If the Puzzlemaster guesses the Drunk, they learn a non-Demon evil player.",
        "image": "https://www.bloodstar.xyz/p/rsar/rsar_mixable/consolationprize_rsar_mixable.png"
    }
]